{"IcoMoonType":"selection","icons":[{"icon":{"paths":["M810 554h-256v256h-84v-256h-256v-84h256v-256h84v256h256v84z"],"attrs":[],"isMulticolor":false,"isMulticolor2":false,"tags":["add"],"defaultCode":57669,"grid":24},"attrs":[],"properties":{"ligatures":"add","id":12,"order":8,"prevSize":24,"code":57669,"name":"add"},"setIdx":0,"setId":0,"iconIdx":12},{"icon":{"paths":["M854 470v84h-520l238 240-60 60-342-342 342-342 60 60-238 240h520z"],"attrs":[],"isMulticolor":false,"isMulticolor2":false,"tags":["arrow_back"],"defaultCode":58820,"grid":24},"attrs":[],"properties":{"ligatures":"arrow_back","id":45,"order":16,"prevSize":24,"code":58820,"name":"arrow_back"},"setIdx":0,"setId":0,"iconIdx":45},{"icon":{"paths":["M854 512l-342 342-342-342 62-60 238 238v-520h84v520l240-238z"],"attrs":[],"isMulticolor":false,"isMulticolor2":false,"tags":["arrow_downward"],"defaultCode":58843,"grid":24},"attrs":[],"properties":{"ligatures":"arrow_downward","id":46,"order":17,"prevSize":24,"code":58843,"name":"arrow_downward"},"setIdx":0,"setId":0,"iconIdx":46},{"icon":{"paths":["M512 170l342 342-342 342-60-60 238-240h-520v-84h520l-238-240z"],"attrs":[],"isMulticolor":false,"isMulticolor2":false,"tags":["arrow_forward"],"defaultCode":58824,"grid":24},"attrs":[],"properties":{"ligatures":"arrow_forward","id":50,"order":18,"prevSize":24,"code":58824,"name":"arrow_forward"},"setIdx":0,"setId":0,"iconIdx":50},{"icon":{"paths":["M170 512l342-342 342 342-62 60-238-238v520h-84v-520l-240 238z"],"attrs":[],"isMulticolor":false,"isMulticolor2":false,"tags":["arrow_upward"],"defaultCode":58840,"grid":24},"attrs":[],"properties":{"ligatures":"arrow_upward","id":51,"order":19,"prevSize":24,"code":58840,"name":"arrow_upward"},"setIdx":0,"setId":0,"iconIdx":51},{"icon":{"paths":["M384 690l452-452 60 60-512 512-238-238 60-60z"],"attrs":[],"isMulticolor":false,"isMulticolor2":false,"tags":["check"],"defaultCode":58826,"grid":24},"attrs":[],"properties":{"ligatures":"check","id":148,"order":14,"prevSize":24,"code":58826,"name":"check"},"setIdx":0,"setId":0,"iconIdx":148},{"icon":{"paths":["M426 726l384-384-60-62-324 324-152-152-60 60zM810 128c48 0 86 40 86 86v596c0 46-38 86-86 86h-596c-48 0-86-40-86-86v-596c0-46 38-86 86-86h596z"],"attrs":[],"isMulticolor":false,"isMulticolor2":false,"tags":["check_box"],"defaultCode":59444,"grid":24},"attrs":[],"properties":{"ligatures":"check_box","id":149,"order":35,"prevSize":24,"name":"check_box","code":59444},"setIdx":0,"setId":0,"iconIdx":149},{"icon":{"paths":["M810 128c46 0 86 40 86 86v596c0 46-40 86-86 86h-596c-46 0-86-40-86-86v-596c0-46 40-86 86-86h596zM810 214h-596v596h596v-596z"],"attrs":[],"isMulticolor":false,"isMulticolor2":false,"tags":["check_box_outline_blank"],"defaultCode":59445,"grid":24},"attrs":[],"properties":{"ligatures":"check_box_outline_blank","id":150,"order":36,"prevSize":24,"name":"check_box_outline_blank","code":59445},"setIdx":0,"setId":0,"iconIdx":150},{"icon":{"paths":["M810 274l-238 238 238 238-60 60-238-238-238 238-60-60 238-238-238-238 60-60 238 238 238-238z"],"attrs":[],"isMulticolor":false,"isMulticolor2":false,"tags":["close"],"defaultCode":58829,"grid":24},"attrs":[],"properties":{"ligatures":"clear, close","id":157,"order":2,"prevSize":24,"code":58829,"name":"close"},"setIdx":0,"setId":0,"iconIdx":157},{"icon":{"paths":["M884 300l-78 78-160-160 78-78c16-16 44-16 60 0l100 100c16 16 16 44 0 60zM128 736l472-472 160 160-472 472h-160v-160z"],"attrs":[],"isMulticolor":false,"isMulticolor2":false,"tags":["mode_edit"],"defaultCode":57940,"grid":24},"attrs":[],"properties":{"ligatures":"create, edit, mode_edit","id":184,"order":5,"prevSize":24,"code":57940,"name":"mode_edit"},"setIdx":0,"setId":0,"iconIdx":184},{"icon":{"paths":["M384 692l452-454 60 60-512 512-238-238 58-60z"],"attrs":[],"isMulticolor":false,"isMulticolor2":false,"tags":["done"],"defaultCode":59510,"grid":24},"attrs":[],"properties":{"ligatures":"done","id":232,"order":38,"prevSize":24,"name":"done","code":59510},"setIdx":0,"setId":0,"iconIdx":232},{"icon":{"paths":["M726 554v-84h-428v84h428zM810 128c46 0 86 40 86 86v596c0 46-40 86-86 86h-596c-46 0-86-40-86-86v-596c0-46 40-86 86-86h596z"],"attrs":[],"isMulticolor":false,"isMulticolor2":false,"tags":["indeterminate_check_box"],"defaultCode":59657,"grid":24},"attrs":[],"properties":{"ligatures":"indeterminate_check_box","id":399,"order":37,"prevSize":24,"name":"indeterminate_check_box","code":59657},"setIdx":0,"setId":0,"iconIdx":399},{"icon":{"paths":["M316 334l196 196 196-196 60 60-256 256-256-256z"],"attrs":[],"isMulticolor":false,"isMulticolor2":false,"tags":["keyboard_arrow_down"],"defaultCode":58131,"grid":24},"attrs":[],"properties":{"ligatures":"keyboard_arrow_down","id":411,"order":20,"prevSize":24,"code":58131,"name":"keyboard_arrow_down"},"setIdx":0,"setId":0,"iconIdx":411},{"icon":{"paths":["M658 686l-60 60-256-256 256-256 60 60-196 196z"],"attrs":[],"isMulticolor":false,"isMulticolor2":false,"tags":["keyboard_arrow_left"],"defaultCode":58132,"grid":24},"attrs":[],"properties":{"ligatures":"keyboard_arrow_left","id":412,"order":21,"prevSize":24,"code":58132,"name":"keyboard_arrow_left"},"setIdx":0,"setId":0,"iconIdx":412},{"icon":{"paths":["M366 698l196-196-196-196 60-60 256 256-256 256z"],"attrs":[],"isMulticolor":false,"isMulticolor2":false,"tags":["keyboard_arrow_right"],"defaultCode":58133,"grid":24},"attrs":[],"properties":{"ligatures":"keyboard_arrow_right","id":413,"order":22,"prevSize":24,"code":58133,"name":"keyboard_arrow_right"},"setIdx":0,"setId":0,"iconIdx":413},{"icon":{"paths":["M316 658l-60-60 256-256 256 256-60 60-196-196z"],"attrs":[],"isMulticolor":false,"isMulticolor2":false,"tags":["keyboard_arrow_up"],"defaultCode":58134,"grid":24},"attrs":[],"properties":{"ligatures":"keyboard_arrow_up","id":414,"order":23,"prevSize":24,"code":58134,"name":"keyboard_arrow_up"},"setIdx":0,"setId":0,"iconIdx":414},{"icon":{"paths":["M512 426c46 0 86 40 86 86s-40 86-86 86-86-40-86-86 40-86 86-86zM768 426c46 0 86 40 86 86s-40 86-86 86-86-40-86-86 40-86 86-86zM256 426c46 0 86 40 86 86s-40 86-86 86-86-40-86-86 40-86 86-86z"],"attrs":[],"isMulticolor":false,"isMulticolor2":false,"tags":["more_horiz"],"defaultCode":58835,"grid":24},"attrs":[],"properties":{"ligatures":"more_horiz","id":501,"order":24,"prevSize":24,"code":58835,"name":"more_horiz"},"setIdx":0,"setId":0,"iconIdx":501},{"icon":{"paths":["M512 682c46 0 86 40 86 86s-40 86-86 86-86-40-86-86 40-86 86-86zM512 426c46 0 86 40 86 86s-40 86-86 86-86-40-86-86 40-86 86-86zM512 342c-46 0-86-40-86-86s40-86 86-86 86 40 86 86-40 86-86 86z"],"attrs":[],"isMulticolor":false,"isMulticolor2":false,"tags":["more_vert"],"defaultCode":58836,"grid":24},"attrs":[],"properties":{"ligatures":"more_vert","id":502,"order":25,"prevSize":24,"code":58836,"name":"more_vert"},"setIdx":0,"setId":0,"iconIdx":502},{"icon":{"paths":["M512 854c188 0 342-154 342-342s-154-342-342-342-342 154-342 342 154 342 342 342zM512 86c236 0 426 190 426 426s-190 426-426 426-426-190-426-426 190-426 426-426z"],"attrs":[],"isMulticolor":false,"isMulticolor2":false,"tags":["radio_button_unchecked"],"defaultCode":59446,"grid":24},"attrs":[],"properties":{"ligatures":"panorama_fish_eye, radio_button_unchecked","id":540,"order":33,"prevSize":24,"name":"radio_button_unchecked","code":59446},"setIdx":0,"setId":0,"iconIdx":540},{"icon":{"paths":["M512 854c188 0 342-154 342-342s-154-342-342-342-342 154-342 342 154 342 342 342zM512 86c236 0 426 190 426 426s-190 426-426 426-426-190-426-426 190-426 426-426zM512 298c118 0 214 96 214 214s-96 214-214 214-214-96-214-214 96-214 214-214z"],"attrs":[],"isMulticolor":false,"isMulticolor2":false,"tags":["radio_button_checked"],"defaultCode":59447,"grid":24},"attrs":[],"properties":{"ligatures":"radio_button_checked","id":610,"order":34,"prevSize":24,"name":"radio_button_checked","code":59447},"setIdx":0,"setId":0,"iconIdx":610},{"icon":{"paths":["M810 554h-596v-84h596v84z"],"attrs":[],"isMulticolor":false,"isMulticolor2":false,"tags":["remove"],"defaultCode":57691,"grid":24},"attrs":[],"properties":{"ligatures":"remove","id":617,"order":29,"prevSize":24,"code":57691,"name":"remove"},"setIdx":0,"setId":0,"iconIdx":617},{"icon":{"paths":["M512 662c82 0 150-68 150-150s-68-150-150-150-150 68-150 150 68 150 150 150zM830 554l90 70c8 6 10 18 4 28l-86 148c-6 10-16 12-26 8l-106-42c-22 16-46 32-72 42l-16 112c-2 10-10 18-20 18h-172c-10 0-18-8-20-18l-16-112c-26-10-50-24-72-42l-106 42c-10 4-20 2-26-8l-86-148c-6-10-4-22 4-28l90-70c-2-14-2-28-2-42s0-28 2-42l-90-70c-8-6-10-18-4-28l86-148c6-10 16-12 26-8l106 42c22-16 46-32 72-42l16-112c2-10 10-18 20-18h172c10 0 18 8 20 18l16 112c26 10 50 24 72 42l106-42c10-4 20-2 26 8l86 148c6 10 4 22-4 28l-90 70c2 14 2 28 2 42s0 28-2 42z"],"attrs":[],"isMulticolor":false,"isMulticolor2":false,"tags":["settings"],"defaultCode":59576,"grid":24},"attrs":[],"properties":{"ligatures":"settings","id":664,"order":39,"prevSize":24,"code":59576,"name":"settings"},"setIdx":0,"setId":0,"iconIdx":664},{"icon":{"paths":["M708 230l-196 196-196-196 60-60 136 136 136-136zM316 794l196-196 196 196-60 60-136-136-136 136z"],"attrs":[],"isMulticolor":false,"isMulticolor2":false,"tags":["unfold_less"],"defaultCode":58838,"grid":24},"attrs":[],"properties":{"ligatures":"unfold_less","id":785,"order":26,"prevSize":24,"code":58838,"name":"unfold_less"},"setIdx":0,"setId":0,"iconIdx":785},{"icon":{"paths":["M512 776l136-136 60 60-196 196-196-196 60-60zM512 248l-136 136-60-60 196-196 196 196-60 60z"],"attrs":[],"isMulticolor":false,"isMulticolor2":false,"tags":["unfold_more"],"defaultCode":58839,"grid":24},"attrs":[],"properties":{"ligatures":"unfold_more","id":786,"order":27,"prevSize":24,"code":58839,"name":"unfold_more"},"setIdx":0,"setId":0,"iconIdx":786}],"height":1024,"metadata":{"name":""},"preferences":{"showGlyphs":true,"showQuickUse":true,"showQuickUse2":true,"showSVGs":true,"fontPref":{"prefix":"icon-","metadata":{"fontFamily":"","majorVersion":1,"minorVersion":0},"metrics":{"emSize":1024,"baseline":6.25,"whitespace":50},"embed":false,"showSelector":true,"selector":"","classSelector":".icon","showMetrics":true,"showMetadata":true,"showVersion":true},"imagePref":{"prefix":"icon-","png":true,"useClassSelector":true,"color":0,"bgColor":16777215,"classSelector":".icon","name":"","height":32,"columns":16,"margin":16},"historySize":50,"showCodes":true,"gridSize":16}}